product_code,customer_code,market_code,order_date,sales_quantity,sales_amount,currency,price
P1765,C001,M001,05/08/2021,1,,£,70
P1764,C002,M002,06/11/2020,2,,£,70
P1763,C010,M003,17/03/2021,3,,£,70
P1762,C011,M004,23/12/2021,4,,£,70
P1761,C012,M005,13/10/2021,5,,€,70
P1760,C013,M006,30/09/2021,6,,€,70
P1759,C014,M007,08/11/2020,7,,€,80
P1758,C015,M008,08/08/2021,8,,€,80
P1757,C016,M009,28/07/2021,9,,€,80
P1756,C017,M010,30/12/2021,10,,€,80
P1755,C018,M011,07/01/2021,11,,€,80
P1754,C019,M012,28/03/2021,12,,€,80
P1753,C020,M013,18/02/2022,13,,€,80
P1752,C021,M014,20/06/2021,14,,€,80
P1751,C022,M015,04/09/2021,15,,€,80
P1750,C023,M016,20/10/2021,16,,€,80
P1749,C024,M017,02/11/2021,17,,€,80
P1748,C025,M018,17/11/2021,18,,€,80
P1747,C026,M019,26/01/2021,19,,€,80
P1746,C027,M020,18/09/2020,20,,€,80
P1745,C028,M021,26/09/2020,21,,€,80
P1744,C029,M022,09/09/2021,22,,€,80
P1743,C030,M023,18/04/2021,23,,€,80
P1742,C031,M024,31/01/2021,24,,€,80
P1741,C032,M025,24/12/2021,25,,€,80
P1740,C033,M026,10/02/2021,26,,€,80
P1739,C034,M027,23/09/2021,27,,€,80
P1738,C035,M028,16/10/2020,28,,€,80
P1737,C036,M029,02/04/2022,29,,€,80
P1736,C037,M030,28/09/2021,30,,€,80
P1735,C038,M031,24/03/2022,31,,€,90
P1734,C039,M032,01/05/2021,32,,€,90
P1733,C040,M033,12/04/2022,33,,€,90
P1732,C041,M034,17/03/2022,34,,€,95
P1731,C042,M035,08/03/2022,35,,€,95
P1730,C043,M036,12/12/2020,36,,€,95
P1729,C044,M037,26/01/2022,37,,€,95
P1728,C045,M038,18/09/2021,38,,€,95
P1727,C046,M039,16/02/2021,39,,€,95
P1726,C048,M040,02/06/2021,40,,€,100
P1725,C049,M041,26/05/2021,41,,€,100
P1724,C050,M042,19/03/2021,-1,,€,100
P1723,C050,M043,17/06/2021,43,,€,105
P1722,C002,M001,22/09/2020,44,,€,105
P1721,C003,M002,08/02/2021,45,,€,105
P1720,C010,M003,14/09/2020,46,,€,110
P1719,C011,M004,27/04/2022,-1,,€,110
P1718,C012,M005,01/03/2021,48,,€,110
P1717,C013,M006,14/02/2021,49,,€,110
P1716,C014,M007,18/10/2021,50,,€,110
P1715,C015,M008,22/09/2020,51,,€,110
P1714,C016,M009,27/08/2021,52,,€,110
P1713,C017,M010,03/09/2021,53,,€,115
P1712,C018,M011,12/01/2022,54,,€,115
P1711,C019,M012,31/08/2021,55,,€,115
P1710,C020,M013,10/09/2020,56,,€,115
P1709,C021,M014,05/11/2021,57,,€,120
P1708,C022,M015,21/09/2020,58,,€,120
P1707,C023,M016,24/03/2022,59,,€,120
P1706,C024,M017,15/01/2022,60,,€,120
P1705,C025,M018,01/11/2021,61,,€,120
P1704,C026,M019,30/04/2022,62,,€,120
P1703,C027,M020,04/10/2020,63,,€,120
P1702,C028,M021,08/05/2021,64,,€,120
P1701,C029,M022,16/09/2020,65,,€,125
P1700,C030,M023,07/02/2021,66,,€,125
P1699,C031,M024,21/03/2022,67,,€,125
P1698,C032,M025,17/08/2021,68,,€,125
P1697,C033,M026,11/05/2021,69,,€,130
P1696,C034,M027,05/06/2021,70,,€,130
P1695,C035,M028,16/08/2021,71,,€,130
P1694,C036,M029,27/03/2021,72,,€,130
P1693,C037,M030,13/09/2021,73,,€,60
P1692,C038,M031,11/02/2022,74,,€,60
P1691,C039,M032,24/01/2021,-1,,€,60
P1690,C040,M033,17/09/2021,76,,€,60
P1689,C041,M034,03/05/2022,77,,€,60
P1688,C042,M035,02/08/2021,78,,€,60
P1687,C043,M036,21/03/2021,79,,€,60
P1686,C044,M037,10/07/2021,80,,€,60
P1685,C045,M038,25/04/2022,81,,€,60
P1684,C046,M039,17/03/2022,82,,€,60
P1683,C048,M040,22/11/2020,83,,€,60
P1682,C049,M041,09/12/2020,84,,€,60
P1681,C050,M042,06/07/2021,85,,€,60
P1680,C050,M043,23/11/2020,86,,€,60
P1679,C002,M001,12/01/2021,87,,€,60
P1678,C004,M002,20/10/2021,88,,€,60
P1677,C010,M003,29/06/2021,89,,€,120
P1676,C011,M004,21/01/2022,90,,€,120
P1675,C012,M005,04/05/2021,91,,€,120
P1674,C013,M006,23/07/2021,92,,€,120
P1673,C014,M007,12/08/2021,93,,€,120
P1672,C015,M008,20/01/2021,94,,€,120
P1671,C016,M009,18/03/2021,95,,€,125
P1670,C017,M010,09/06/2021,96,,€,125
P1669,C018,M011,03/01/2022,97,,€,125
P1668,C019,M012,10/10/2021,98,,€,125
P1667,C020,M013,23/11/2020,99,,€,125
P1666,C021,M014,07/12/2020,100,,€,125
P1665,C022,M015,16/09/2021,101,,€,130
P1664,C023,M016,06/05/2022,-1,,€,130
P1663,C024,M017,10/04/2022,103,,€,130
P1662,C025,M018,17/11/2020,104,,€,130
P1661,C026,M019,03/08/2021,105,,€,130
P1660,C027,M020,16/03/2021,106,,€,130
P1659,C028,M021,01/11/2021,107,,€,130
P1658,C029,M022,01/11/2020,108,,€,130
P1657,C030,M023,04/01/2022,109,,€,130
P1656,C031,M024,19/08/2021,110,,€,130
P1655,C032,M025,17/11/2021,111,,€,130
P1654,C033,M026,27/08/2021,112,,€,130
P1653,C034,M027,25/11/2021,113,,€,135
P1652,C035,M028,05/02/2021,114,,€,135
P1651,C036,M029,29/09/2021,115,,€,135
P1650,C037,M030,16/11/2020,116,,€,135
P1649,C038,M031,24/02/2021,117,,€,135
P1648,C039,M032,29/12/2021,118,,€,135
P1647,C040,M033,16/12/2021,119,,€,130
P1646,C041,M034,08/12/2020,120,,€,130
P1645,C042,M035,10/04/2021,121,,€,130
P1644,C043,M036,27/09/2021,122,,€,130
P1643,C044,M037,15/10/2021,123,,€,130
P1642,C045,M038,15/05/2021,124,,€,130
P1641,C046,M039,03/02/2021,125,,€,170
P1640,C048,M040,07/01/2021,126,,€,170
P1639,C049,M041,26/10/2021,127,,€,170
P1638,C050,M042,28/01/2022,128,,€,175
P1637,C050,M043,15/11/2020,129,,€,175
P1636,C002,M001,17/12/2021,30,,€,175
P1635,C005,M002,15/06/2021,30,,€,180
P1634,C010,M003,17/02/2021,30,,€,180
P1633,C011,M004,21/03/2021,-1,,€,180
P1632,C012,M005,18/07/2021,30,,€,180
P1631,C013,M006,26/03/2021,30,,€,180
P1630,C014,M007,23/06/2021,30,,€,180
P1629,C015,M008,26/03/2022,30,,€,185
P1628,C016,M009,14/04/2022,30,,€,185
P1627,C017,M010,06/07/2021,30,,€,185
P1626,C018,M011,08/10/2021,30,,€,190
P1625,C019,M012,31/08/2021,30,,€,190
P1624,C020,M013,01/11/2020,30,,€,190
P1623,C021,M014,20/04/2021,30,,€,250
P1622,C022,M015,18/06/2021,30,,€,250
P1621,C023,M016,03/07/2021,30,,€,270
P1620,C024,M017,03/12/2020,30,,€,270
P1619,C025,M018,10/12/2021,30,,€,290
P1618,C026,M019,02/12/2020,30,,€,290
P1617,C027,M020,20/01/2021,30,,€,290
P1616,C028,M021,18/01/2022,30,,€,290
P1615,C029,M022,14/10/2020,30,,€,290
P1614,C030,M023,16/03/2021,30,,€,290
P1613,C031,M024,23/04/2021,30,,€,310
P1612,C032,M025,10/11/2020,30,,€,310
P1611,C033,M026,22/09/2020,30,,€,310
P1610,C034,M027,08/02/2021,30,,€,310
P1609,C035,M028,03/03/2022,-1,,€,310
P1608,C036,M029,11/10/2021,30,,€,310
P1607,C037,M030,15/07/2021,30,,€,330
P1606,C038,M031,17/08/2021,30,,€,330
P1605,C039,M032,01/03/2022,30,,€,330
P1604,C040,M033,17/08/2021,30,,€,330
P1603,C041,M034,24/11/2021,30,,€,330
P1602,C042,M035,01/03/2021,30,,€,330
P1601,C043,M036,21/11/2020,30,,€,350
P1600,C044,M037,01/06/2021,30,,€,350
P1599,C045,M038,06/11/2021,30,,€,350
P1598,C046,M039,09/11/2020,30,,€,370
P1597,C048,M040,19/03/2022,30,,€,370
P1596,C049,M041,09/05/2022,30,,€,370
P1595,C050,M042,11/01/2022,30,,€,390
P1594,C050,M043,07/10/2020,30,,€,390
P1593,C002,M001,28/12/2021,30,,€,390
P1592,C006,M002,22/03/2021,30,,€,410
P1591,C010,M003,23/11/2021,30,,€,410
P1590,C011,M004,14/03/2021,30,,€,410
P1589,C012,M005,23/02/2022,30,,€,430
P1588,C013,M006,17/12/2020,30,,€,430
P1587,C014,M007,16/03/2021,30,,€,430
P1586,C015,M008,29/12/2020,30,,€,450
P1585,C016,M009,26/01/2021,30,,€,450
P1584,C017,M010,13/02/2021,30,,€,450
P1583,C018,M011,18/04/2022,-1,,€,420
P1582,C019,M012,19/10/2020,30,,€,420
P1581,C020,M013,07/04/2022,30,,€,420
P1580,C021,M014,05/02/2022,30,,€,420
P1579,C022,M015,03/02/2022,30,,€,420
P1578,C023,M016,20/09/2020,30,,€,420
P1577,C024,M017,09/10/2020,30,,€,430
P1576,C025,M018,02/03/2021,30,,€,430
P1575,C026,M019,06/02/2021,30,,€,430
P1574,C027,M020,06/10/2020,30,,€,430
P1573,C028,M021,12/02/2021,30,,€,430
P1572,C029,M022,15/11/2020,30,,€,430
P1571,C030,M023,21/09/2021,30,,€,440
P1570,C031,M024,11/01/2021,30,,€,440
P1569,C032,M025,05/06/2021,30,,€,440
P1568,C033,M026,18/07/2021,30,,€,440
P1567,C034,M027,27/05/2021,30,,€,440
P1566,C035,M028,08/04/2022,30,,€,440
P1565,C036,M029,02/08/2021,30,,€,460
P1564,C037,M030,28/04/2021,30,,€,460
P1563,C038,M031,21/09/2021,30,,€,460
P1562,C039,M032,02/09/2021,30,,€,460
P1561,C040,M033,27/02/2021,30,,€,480
P1560,C041,M034,26/11/2020,30,,€,480
P1559,C042,M035,17/07/2021,30,,€,480
P1558,C043,M036,12/11/2020,30,,€,480
P1557,C044,M037,23/11/2020,30,,€,500
P1556,C045,M038,22/12/2021,30,,€,500
P1555,C046,M039,10/09/2020,30,,€,500
P1554,C048,M040,07/09/2021,30,,€,520
P1553,C049,M041,17/10/2021,30,,€,520
P1552,C050,M042,19/11/2021,30,,€,520
P1551,C050,M043,11/02/2022,30,,€,520
P1550,C003,M001,14/03/2021,30,,€,520
P1549,C007,M002,08/07/2021,30,,€,530
P1548,C010,M003,01/12/2020,30,,€,530
P1547,C011,M004,15/12/2021,30,,€,530
P1546,C012,M005,03/04/2022,30,,€,530
P1545,C013,M006,21/02/2022,30,,€,550
P1544,C014,M007,17/09/2021,30,,€,550
P1543,C015,M008,24/03/2021,30,,€,550
P1542,C016,M009,04/03/2021,30,,€,550
P1541,C017,M010,10/05/2022,30,,€,180
P1540,C018,M011,28/01/2021,30,,€,180
P1539,C019,M012,19/09/2020,30,,€,180
P1538,C020,M013,26/01/2022,30,,€,200
P1537,C021,M014,30/11/2021,30,,€,200
P1536,C022,M015,19/07/2021,30,,€,200
P1535,C023,M016,28/11/2020,30,,€,220
P1534,C024,M017,05/10/2021,30,,€,220
P1533,C025,M018,04/12/2021,30,,€,220
P1532,C026,M019,24/11/2020,30,,€,540
P1531,C027,M020,22/01/2021,30,,€,540
P1530,C028,M021,01/09/2021,30,,€,540
P1529,C029,M022,22/04/2022,30,,€,540
P1528,C030,M023,15/04/2021,30,,€,540
P1527,C031,M024,25/05/2021,30,,€,540
P1526,C032,M025,31/10/2021,30,,€,560
P1525,C033,M026,17/04/2021,30,,€,560
P1524,C034,M027,26/11/2021,30,,€,560
P1523,C035,M028,21/05/2021,30,,€,560
P1522,C036,M029,23/07/2021,30,,€,560
P1521,C037,M030,29/12/2021,30,,€,560
P1520,C038,M031,30/12/2021,30,,€,580
P1519,C039,M032,05/05/2022,30,,€,580
P1518,C040,M033,11/04/2021,30,,€,580
P1517,C041,M034,07/10/2020,30,,€,580
P1516,C042,M035,15/03/2021,30,,€,580
P1515,C043,M036,02/06/2021,30,,€,580
P1514,C044,M037,12/09/2020,30,,€,580
P1513,C045,M038,18/07/2021,30,,€,580
P1512,C046,M039,13/03/2021,30,,€,580
P1511,C048,M040,17/05/2021,-1,,€,580
P1510,C049,M041,02/07/2021,30,,€,580
P1509,C050,M042,15/01/2022,30,,€,580
P1508,C050,M043,04/10/2020,30,,€,600
P1507,C003,M001,01/02/2022,30,,€,600
P1506,C008,M002,26/11/2021,30,,€,600
P1505,C010,M003,11/10/2021,30,,€,600
P1504,C011,M004,14/06/2021,30,,€,600
P1503,C012,M005,21/10/2020,30,,€,630
P1502,C013,M006,10/03/2021,30,,€,630
P1501,C014,M007,11/03/2022,30,,€,630
P1500,C015,M008,08/05/2021,30,,€,630
P1499,C016,M009,07/02/2022,30,,€,630
P1498,C017,M010,05/11/2020,30,,€,630
P1497,C018,M011,11/02/2022,30,,€,630
P1496,C019,M012,18/03/2021,30,,€,630
P1495,C020,M013,08/11/2020,30,,€,630
P1494,C021,M014,26/10/2021,30,,€,630
P1493,C022,M015,20/02/2022,30,,€,630
P1492,C023,M016,27/04/2022,1,,€,650
P1491,C024,M017,02/03/2022,2,,€,650
P1490,C025,M018,31/01/2021,3,,€,650
P1489,C026,M019,01/03/2021,4,,€,650
P1488,C027,M020,10/08/2021,5,,€,670
P1487,C028,M021,20/01/2021,6,,€,670
P1486,C029,M022,09/01/2022,7,,€,670
P1485,C030,M023,15/11/2020,8,,€,670
P1484,C031,M024,23/04/2022,-1,,€,690
P1483,C032,M025,16/11/2020,10,,€,690
P1482,C033,M026,12/07/2021,11,,€,690
P1481,C034,M027,10/12/2020,12,,€,690
P1480,C035,M028,02/01/2021,13,,€,720
P1479,C036,M029,29/10/2021,14,,€,720
P1478,C037,M030,02/06/2021,15,,€,720
P1477,C038,M031,30/04/2022,16,,€,720
P1476,C039,M032,06/02/2022,17,,€,770
P1475,C040,M033,07/12/2020,18,,€,770
P1474,C041,M034,14/11/2021,19,,€,770
P1473,C042,M035,09/01/2021,20,,€,770
P1472,C043,M036,06/12/2020,21,,€,650
P1471,C044,M037,11/01/2021,22,,€,650
P1470,C045,M038,31/08/2021,23,,€,650
P1469,C046,M039,28/11/2020,24,,€,650
P1468,C048,M040,12/12/2021,25,,€,650
P1467,C049,M041,03/09/2021,26,,€,650
P1466,C050,M042,18/07/2021,27,,€,670
P1465,C050,M043,01/05/2022,28,,€,670
P1464,C003,M001,26/12/2020,29,,€,670
P1463,C009,M002,31/03/2021,30,,€,670
P1462,C010,M003,24/07/2021,31,,€,670
P1461,C011,M004,21/10/2020,32,,€,670
P1460,C012,M005,20/05/2021,33,,€,690
P1459,C013,M006,21/10/2020,34,,€,690
P1458,C014,M007,16/01/2021,35,,€,690
P1457,C015,M008,30/05/2021,36,,€,690
P1456,C016,M009,26/10/2021,37,,€,690
P1455,C017,M010,03/09/2021,38,,€,690
P1454,C018,M011,29/09/2020,39,,€,690
P1453,C019,M012,17/06/2021,40,,€,690
P1452,C020,M013,19/03/2022,41,,€,690
P1451,C021,M014,20/09/2021,42,,€,690
P1450,C022,M015,26/09/2020,43,,€,690
P1449,C023,M016,24/11/2020,44,,€,690
P1448,C024,M017,22/01/2022,45,,€,710
P1447,C025,M018,09/11/2021,46,,€,710
P1446,C026,M019,23/01/2022,47,,€,710
P1445,C027,M020,30/10/2020,48,,€,710
P1444,C028,M021,19/02/2022,49,,€,710
P1443,C029,M022,28/06/2021,50,,€,710
P1442,C030,M023,07/08/2021,51,,€,730
P1441,C031,M024,08/01/2021,52,,€,730
P1440,C032,M025,06/10/2021,53,,€,730
P1439,C033,M026,23/08/2021,54,,€,730
P1438,C034,M027,25/10/2021,55,,€,730
P1437,C035,M028,03/03/2021,56,,€,730
P1436,C036,M029,20/09/2020,57,,€,750
P1435,C037,M030,04/01/2022,58,,€,750
P1434,C038,M031,21/04/2022,59,,€,750
P1433,C039,M032,27/10/2020,60,,€,750
P1432,C040,M033,27/12/2021,61,,€,770
P1431,C041,M034,04/01/2021,62,,€,770
P1430,C042,M035,30/12/2020,63,,€,770
P1429,C043,M036,20/04/2022,64,,€,770
P1428,C044,M037,23/05/2021,65,,€,790
P1427,C045,M038,19/09/2021,66,,€,790
P1426,C046,M039,28/04/2022,67,,€,790
P1425,C048,M040,26/09/2020,68,,€,790
P1424,C049,M041,16/03/2021,69,,€,810
P1423,C050,M042,25/01/2022,70,,€,810
P1422,C050,M043,15/10/2021,71,,€,810
P1421,C003,M001,17/12/2020,72,,€,810
P1420,C002,M002,08/05/2022,73,,€,830
P1419,C010,M003,02/04/2022,74,,€,830
P1418,C011,M004,18/01/2022,75,,€,830
P1417,C012,M005,08/05/2021,76,,€,830
P1416,C013,M006,07/01/2021,77,,€,860
P1415,C014,M007,12/03/2022,78,,€,860
P1414,C015,M008,02/10/2021,79,,€,860
P1413,C016,M009,30/07/2021,-1,,€,860
P1412,C017,M010,17/05/2021,81,,€,50
P1411,C018,M011,04/01/2021,82,,€,50
P1410,C019,M012,12/10/2021,83,,€,50
P1409,C020,M013,12/06/2021,84,,€,50
P1408,C021,M014,17/01/2021,85,,€,50
P1407,C022,M015,22/10/2020,86,,€,50
P1406,C023,M016,10/01/2021,87,,€,60
P1405,C024,M017,03/10/2021,88,,€,60
P1404,C025,M018,30/05/2021,89,,€,60
P1403,C026,M019,17/01/2022,90,,€,60
P1402,C027,M020,07/12/2020,91,,€,60
P1401,C028,M021,13/02/2021,92,,€,60
P1400,C029,M022,02/09/2021,93,,€,60
P1399,C030,M023,30/04/2021,94,,€,60
P1398,C031,M024,25/03/2022,95,,€,60
P1397,C032,M025,29/09/2020,96,,€,60
P1396,C033,M026,12/11/2020,97,,€,60
P1395,C034,M027,06/01/2021,98,,€,60
P1394,C035,M028,26/12/2021,99,,€,60
P1393,C036,M029,30/05/2021,100,,€,60
P1392,C037,M030,06/12/2020,101,,€,60
P1391,C038,M031,06/06/2021,102,,€,60
P1390,C039,M032,06/05/2021,103,,€,60
P1389,C040,M033,02/02/2022,104,,€,60
P1388,C041,M034,27/11/2021,105,,€,60
P1387,C042,M035,31/01/2022,106,,€,60
P1386,C043,M036,11/02/2021,107,,€,60
P1385,C044,M037,07/02/2021,108,,€,60
P1384,C045,M038,28/04/2022,109,,€,25
P1383,C046,M039,16/12/2020,110,,€,25
P1382,C048,M040,25/08/2021,111,,€,80
P1381,C049,M041,06/09/2021,112,,€,80
P1380,C050,M042,22/04/2021,113,,€,80
P1379,C050,M043,25/07/2021,114,,€,80
P1378,C003,M001,16/02/2022,115,,€,80
P1377,C002,M002,17/03/2022,116,,€,80
P1376,C010,M003,07/11/2021,117,,€,80
P1375,C011,M004,01/10/2021,118,,€,80
P1374,C012,M005,27/06/2021,119,,€,80
P1373,C013,M006,28/11/2021,120,,€,80
P1372,C014,M007,16/11/2020,121,,€,80
P1371,C015,M008,06/12/2020,122,,€,80
P1370,C016,M009,20/09/2021,123,,€,80
P1369,C017,M010,06/10/2020,124,,€,80
P1368,C018,M011,04/06/2021,125,,€,80
P1367,C019,M012,07/04/2021,126,,€,80
P1366,C020,M013,13/09/2020,127,,€,80
P1365,C021,M014,19/11/2020,128,,€,80
P1364,C022,M015,12/04/2021,129,,€,90
P1363,C023,M016,29/11/2021,130,,€,90
P1362,C024,M017,02/12/2021,131,,€,90
P1361,C025,M018,29/11/2021,132,,€,90
P1360,C026,M019,20/12/2020,133,,€,90
P1359,C027,M020,17/02/2022,134,,€,90
P1358,C028,M021,04/06/2021,135,,€,90
P1357,C029,M022,23/12/2020,136,,€,90
P1356,C030,M023,11/06/2021,137,,€,90
P1355,C031,M024,02/12/2021,138,,€,90
P1354,C032,M025,03/02/2022,139,,€,90
P1353,C033,M026,06/01/2022,140,,€,90
P1352,C034,M027,20/11/2021,141,,€,90
P1351,C035,M028,16/09/2021,142,,€,90
P1350,C036,M029,30/03/2022,143,,€,90
P1349,C037,M030,02/10/2021,144,,€,90
P1348,C038,M031,09/02/2021,145,,€,90
P1347,C039,M032,17/04/2021,146,,€,90
P1346,C040,M033,15/03/2021,147,,€,90
P1345,C041,M034,14/09/2021,148,,€,90
P1344,C042,M035,11/06/2021,149,,€,90
P1343,C043,M036,17/11/2021,150,,€,90
P1342,C044,M037,10/01/2021,151,,€,90
P1341,C045,M038,08/08/2021,152,,€,90
P1340,C046,M039,30/12/2020,153,,€,150
P1339,C048,M040,29/03/2022,154,,€,150
P1338,C049,M041,27/01/2022,155,,€,150
P1337,C050,M042,13/04/2022,156,,€,150
P1336,C050,M043,11/07/2021,157,,€,150
P1335,C001,M001,28/12/2020,158,,€,150
P1334,C002,M002,25/08/2021,159,,€,150
P1333,C010,M003,16/09/2021,160,,€,150
P1332,C011,M004,24/08/2021,161,,€,150
P1331,C012,M005,28/10/2021,162,,€,150
P1330,C013,M006,28/03/2021,163,,€,150
P1329,C014,M007,02/05/2022,164,,€,150
P1328,C015,M008,13/04/2022,165,,€,150
P1327,C016,M009,03/06/2021,166,,€,150
P1326,C017,M010,04/12/2020,167,,€,150
P1325,C018,M011,29/12/2020,168,,€,150
P1324,C019,M012,22/03/2022,169,,€,120
P1323,C020,M013,27/01/2021,170,,€,120
P1322,C021,M014,15/02/2021,171,,€,120
P1321,C022,M015,07/04/2021,172,,€,120
P1320,C023,M016,30/11/2021,173,,€,120
P1319,C024,M017,14/01/2022,174,,€,120
P1318,C025,M018,23/02/2021,175,,€,120
P1317,C026,M019,12/10/2020,176,,€,120
P1316,C027,M020,04/05/2021,177,,€,120
P1315,C028,M021,07/03/2021,178,,€,120
P1314,C029,M022,26/07/2021,179,,€,120
P1313,C030,M023,28/01/2022,180,,€,120
P1312,C031,M024,29/01/2021,181,,€,120
P1311,C032,M025,25/11/2021,182,,€,120
P1310,C033,M026,01/01/2021,183,,€,120
P1309,C034,M027,07/04/2022,184,,€,120
P1308,C035,M028,25/12/2021,185,,€,120
P1307,C036,M029,13/06/2021,186,,€,120
P1306,C037,M030,20/12/2021,187,,€,120
P1305,C038,M031,31/12/2020,188,,€,120
P1304,C039,M032,09/12/2021,189,,€,120
P1303,C040,M033,31/10/2021,190,,€,120
P1302,C041,M034,11/09/2020,191,,€,120
P1301,C042,M035,31/12/2020,192,,€,120
P1300,C043,M036,04/12/2020,193,,€,120
P1299,C044,M037,28/02/2022,194,,€,120
P1298,C045,M038,05/02/2021,195,,€,120
P1297,C046,M039,17/12/2021,196,,€,120
P1296,C048,M040,01/04/2022,197,,€,120
P1295,C049,M041,23/06/2021,198,,€,120
P1294,C050,M042,22/12/2020,199,,€,120
P1293,C050,M043,06/02/2022,200,,€,120
P1292,C001,M001,05/03/2022,201,,€,120
P1291,C002,M002,31/12/2021,202,,€,120
P1290,C010,M003,04/09/2021,203,,€,120
P1289,C011,M004,28/10/2020,204,,€,120
P1288,C012,M005,24/02/2022,205,,€,150
P1287,C013,M006,08/01/2022,206,,€,150
P1286,C014,M007,19/12/2021,207,,€,150
P1285,C015,M008,09/05/2022,208,,€,150
P1284,C016,M009,20/11/2021,209,,€,150
P1283,C017,M010,31/03/2022,5,,€,150
P1282,C018,M011,21/09/2020,5,,€,150
P1281,C019,M012,20/09/2020,5,,€,150
P1280,C020,M013,04/10/2021,5,,€,150
P1279,C021,M014,06/10/2020,5,,€,150
P1278,C022,M015,29/10/2020,5,,€,150
P1277,C023,M016,23/09/2020,5,,€,150
P1276,C024,M017,06/11/2020,5,,€,150
P1275,C025,M018,29/03/2022,5,,€,150
P1274,C026,M019,05/10/2021,5,,€,150
P1273,C027,M020,13/08/2021,5,,€,150
P1272,C028,M021,08/03/2021,5,,€,150
P1271,C029,M022,22/02/2021,5,,€,150
P1270,C030,M023,14/09/2021,5,,€,160
P1269,C031,M024,26/07/2021,5,,€,160
P1268,C032,M025,13/09/2021,5,,€,160
P1267,C033,M026,26/05/2021,5,,€,160
P1266,C034,M027,20/02/2021,5,,€,160
P1265,C035,M028,21/07/2021,5,,€,160
P1264,C036,M029,16/11/2021,5,,€,160
P1263,C037,M030,05/05/2022,5,,€,160
P1262,C038,M031,08/02/2022,5,,€,160
P1261,C039,M032,27/04/2021,5,,€,160
P1260,C040,M033,14/11/2021,5,,€,160
P1259,C041,M034,25/10/2021,5,,€,160
P1258,C042,M035,04/03/2021,5,,€,160
P1257,C043,M036,09/12/2021,5,,€,160
P1256,C044,M037,04/11/2021,5,,€,160
P1255,C045,M038,04/02/2021,5,,€,160
P1254,C046,M039,29/11/2021,5,,€,160
P1253,C048,M040,24/09/2020,5,,€,160
P1252,C049,M041,01/04/2022,5,,€,160
P1251,C050,M042,16/07/2021,5,,€,160
P1250,C050,M043,09/10/2020,5,,€,160
P1249,C001,M001,02/02/2021,5,,€,160
P1248,C001,M001,25/02/2022,5,,€,180
P1247,C001,M001,04/01/2022,5,,€,180
P1246,C001,M001,19/08/2021,5,,€,180
P1245,C001,M001,11/03/2022,5,,€,180
P1244,C001,M001,15/10/2021,5,,€,180
P1243,C001,M001,26/04/2022,5,,€,180
P1242,C001,M001,25/01/2022,5,,€,180
P1241,C001,M001,24/10/2021,5,,€,180
P1240,C001,M001,31/08/2021,5,,€,180
P1239,C001,M001,24/08/2021,5,,€,180
P1238,C001,M001,06/01/2022,5,,€,180
P1237,C001,M001,24/06/2021,5,,€,180
P1236,C001,M001,01/12/2021,5,,€,180
P1235,C001,M001,10/06/2021,5,,€,180
P1234,C001,M001,31/01/2022,5,,€,180
P1233,C001,M001,03/04/2022,5,,€,180
P1232,C001,M001,15/09/2021,5,,€,180
P1231,C001,M001,19/02/2022,5,,€,180
P1230,C001,M001,21/09/2021,5,,€,200
P1229,C001,M001,08/11/2020,5,,€,200
P1228,C001,M001,06/10/2020,5,,€,200
P1227,C001,M001,06/02/2022,5,,€,200
P1226,C001,M001,09/11/2020,5,,€,200
P1225,C001,M001,19/03/2022,5,,€,200
P1224,C001,M001,20/03/2021,5,,€,200
P1223,C001,M001,08/06/2021,5,,€,200
P1222,C001,M001,01/09/2021,5,,€,200
P1221,C001,M001,14/11/2020,5,,€,200
P1220,C001,M001,05/03/2022,5,,€,200
P1219,C001,M001,23/06/2021,5,,€,200
P1218,C001,M001,26/01/2021,5,,€,200
P1217,C001,M001,08/03/2022,5,,€,200
P1216,C001,M001,01/01/2021,5,,€,200
P1215,C001,M001,19/10/2021,5,,€,200
P1214,C001,M001,21/10/2020,5,,€,200
P1213,C001,M001,09/08/2021,5,,€,200
P1212,C001,M001,31/12/2020,5,,€,200
P1211,C001,M001,27/05/2021,5,,€,200
P1210,C001,M001,07/06/2021,5,,€,200
P1209,C001,M001,21/10/2020,5,,€,200
P1208,C001,M001,15/02/2022,5,,€,200
P1207,C001,M001,01/03/2022,5,,€,200
P1206,C001,M001,26/10/2020,5,,€,200
P1205,C001,M001,25/11/2021,5,,€,200
P1204,C001,M001,10/10/2021,5,,€,200
P1203,C001,M001,06/04/2022,5,,€,200
P1202,C001,M001,30/10/2020,5,,€,200
P1201,C001,M001,26/07/2021,5,,€,200
P1200,C001,M001,03/02/2021,5,,€,200
P1199,C001,M001,12/04/2021,5,,€,200
P1198,C001,M001,23/12/2021,5,,€,200
P1197,C001,M001,23/05/2021,5,,€,200
P1196,C001,M001,14/11/2020,5,,€,200
P1195,C001,M001,09/02/2021,5,,€,200
P1194,C001,M001,02/01/2021,5,,€,200
P1193,C001,M001,07/02/2022,5,,€,200
P1192,C001,M001,22/02/2022,5,,€,200
P1191,C001,M001,28/10/2020,5,,€,200
P1190,C001,M001,21/11/2021,5,,€,200
P1189,C001,M001,05/12/2021,5,,€,200
P1188,C001,M001,01/02/2021,5,,€,150
P1187,C001,M001,02/08/2021,5,,€,150
P1186,C001,M001,14/08/2021,5,,€,150
P1185,C001,M001,24/12/2020,5,,€,150
P1184,C001,M001,30/10/2021,5,,€,150
P1183,C001,M001,21/03/2022,5,,€,150
P1182,C001,M001,08/02/2022,5,,€,150
P1181,C001,M001,08/05/2022,5,,€,150
P1180,C001,M001,01/10/2020,5,,€,150
P1179,C001,M001,29/01/2022,5,,€,250
P1178,C001,M001,03/05/2021,5,,€,250
P1177,C001,M001,13/08/2021,5,,€,250
P1176,C001,M001,30/03/2022,5,,€,250
P1175,C001,M001,25/12/2020,5,,€,250
P1174,C001,M001,14/12/2020,5,,€,250
P1173,C001,M001,15/12/2020,5,,€,250
P1172,C001,M001,24/04/2021,5,,€,250
P1171,C001,M001,05/09/2021,5,,€,250
P1170,C001,M001,10/07/2021,5,,€,250
P1169,C001,M001,20/01/2021,5,,€,250
P1168,C001,M001,18/12/2021,5,,€,250
P1167,C001,M001,20/05/2021,5,,€,250
P1166,C001,M001,01/09/2019,5,,€,250
P1165,C001,M001,11/03/2021,5,,€,250
P1164,C001,M001,23/09/2021,5,,€,250
P1163,C001,M001,31/07/2021,5,,€,250
P1162,C001,M001,11/12/2020,5,,€,250
P1161,C001,M001,29/03/2021,5,,€,250
P1160,C001,M001,04/09/2019,5,,€,250
P1159,C001,M001,16/07/2021,5,,€,250
P1158,C001,M001,26/09/2020,5,,€,250
P1157,C001,M001,31/01/2022,5,,€,250
P1156,C001,M001,20/06/2021,1,,€,250
P1155,C001,M001,05/01/2021,2,,€,250
P1154,C001,M001,24/01/2021,3,,€,250
P1153,C001,M001,22/11/2020,4,,€,250
P1152,C001,M001,12/02/2022,5,,€,250
P1151,C001,M001,24/11/2019,6,,€,250
P1150,C001,M001,15/05/2020,7,,€,250
P1149,C001,M001,30/07/2020,8,,€,250
P1148,C001,M001,28/01/2022,9,,€,250
P1147,C001,M001,11/07/2020,10,,€,250
P1146,C001,M001,05/06/2020,11,,€,250
P1145,C001,M001,22/07/2019,12,,€,250
P1144,C001,M001,22/10/2019,13,,€,250
P1143,C001,M001,22/06/2021,14,,€,250
P1142,C001,M001,20/09/2020,15,,€,250
P1141,C001,M001,09/06/2021,16,,€,250
P1140,C001,M001,09/03/2020,17,,€,250
P1139,C001,M001,27/12/2021,18,,€,250
P1138,C001,M001,24/03/2022,19,,€,250
P1137,C001,M001,17/03/2021,20,,€,250
P1136,C001,M001,07/06/2020,21,,€,250
P1135,C001,M001,13/02/2021,22,,€,250
P1134,C001,M001,05/06/2020,23,,€,250
P1133,C001,M001,19/06/2020,24,,€,250
P1132,C001,M001,03/12/2019,25,,€,250
P1131,C001,M001,08/09/2021,26,,€,250
P1130,C001,M001,12/06/2021,27,,€,250
P1129,C001,M001,15/07/2021,28,,€,250
P1128,C001,M001,12/04/2021,29,,€,250
P1127,C001,M001,21/01/2022,30,,€,250
P1126,C001,M001,25/12/2019,31,,€,250
P1125,C001,M001,29/01/2020,32,,€,250
P1124,C001,M001,08/07/2020,33,,€,250
P1123,C001,M001,11/06/2019,34,,€,250
P1122,C001,M001,17/12/2019,35,,€,250
P1121,C001,M001,26/06/2019,36,,€,250
P1120,C001,M001,13/09/2021,37,,€,250
P1119,C001,M001,20/11/2021,38,,€,300
P1118,C001,M001,02/12/2021,39,,€,300
P1117,C002,M002,15/10/2019,40,,€,300
P1116,C002,M002,20/04/2021,41,,€,300
P1115,C002,M002,14/12/2021,42,,€,300
P1114,C002,M002,24/06/2020,43,,€,300
P1113,C002,M002,21/10/2020,44,,€,300
P1112,C002,M002,15/12/2019,45,,€,300
P1111,C002,M002,02/08/2021,46,,€,300
P1110,C002,M002,27/10/2021,20,,€,300
P1109,C002,M002,10/02/2022,20,,€,300
P1108,C002,M002,05/06/2020,5,,€,300
P1107,C002,M002,14/08/2021,5,,€,300
P1106,C002,M002,26/06/2019,5,,€,300
P1105,C002,M002,12/11/2019,5,,€,300
P1104,C002,M002,17/10/2020,5,,€,300
P1103,C002,M002,30/01/2022,5,,€,300
P1102,C002,M002,10/05/2019,5,,€,300
P1101,C002,M002,04/12/2020,5,,€,300
P1100,C002,M002,28/02/2021,5,,€,300
P1099,C002,M002,13/08/2020,5,,€,300
P1098,C002,M002,04/04/2020,5,,€,300
P1097,C002,M002,15/01/2022,5,,€,300
P1096,C002,M002,05/09/2020,5,,€,300
P1095,C002,M002,25/03/2022,5,,€,300
P1094,C002,M002,26/03/2020,5,,€,300
P1093,C002,M002,10/01/2021,5,,€,300
P1092,C002,M002,29/07/2021,5,,€,300
P1091,C009,M002,26/02/2020,5,,€,300
P1090,C002,M002,25/09/2021,5,,€,300
P1089,C002,M002,29/08/2020,5,,€,300
P1088,C002,M002,16/11/2021,5,,€,300
P1087,C002,M002,11/06/2021,5,,€,300
P1086,C002,M002,12/12/2021,5,,€,300
P1085,C002,M002,14/01/2021,5,,€,300
P1084,C002,M002,11/07/2020,5,,€,300
P1083,C002,M002,25/12/2019,5,,€,300
P1082,C002,M002,29/09/2020,5,,€,300
P1081,C002,M002,25/02/2020,5,,€,300
P1080,C002,M002,09/07/2019,5,,€,300
P1079,C002,M002,26/12/2019,5,,€,300
P1078,C002,M002,20/02/2021,5,,€,300
P1077,C002,M002,28/04/2021,5,,€,300
P1076,C002,M002,17/08/2020,5,,€,300
P1075,C002,M002,07/03/2020,5,,€,300
P1074,C002,M002,19/08/2021,5,,€,300
P1073,C002,M002,18/04/2021,5,,€,300
P1072,C002,M002,22/08/2020,5,,€,300
P1071,C002,M002,05/02/2022,5,,€,300
P1070,C002,M002,02/09/2019,5,,€,300
P1069,C002,M002,12/05/2019,5,,€,300
P1068,C002,M002,08/05/2020,5,,€,300
P1067,C002,M002,02/06/2019,5,,€,300
P1066,C002,M002,31/03/2021,5,,€,300
P1065,C002,M002,01/06/2021,5,,€,300
P1064,C002,M002,16/06/2021,5,,€,300
P1063,C002,M002,19/09/2020,5,,€,300
P1062,C002,M002,06/06/2020,5,,€,300
P1061,C002,M002,25/05/2021,5,,€,300
P1060,C002,M002,04/05/2020,5,,€,300
P1059,C002,M002,17/10/2019,5,,€,25
P1058,C002,M002,23/04/2021,5,,€,25
P1057,C002,M002,02/06/2021,5,,€,25
P1056,C002,M002,09/04/2020,5,,€,25
P1055,C002,M002,05/04/2020,5,,€,25
P1054,C002,M002,06/06/2020,5,,€,25
P1053,C002,M002,22/05/2019,5,,€,25
P1052,C002,M002,02/09/2021,5,,€,25
P1051,C002,M002,17/06/2019,5,,€,25
P1050,C002,M002,24/01/2020,5,,€,25
P1049,C002,M002,28/03/2020,5,,€,25
P1048,C002,M002,26/11/2019,5,,€,25
P1047,C002,M002,28/06/2021,5,,€,25
P1046,C002,M002,25/05/2021,5,,€,25
P1045,C002,M002,02/05/2020,5,,€,25
P1044,C002,M002,09/08/2020,5,,€,25
P1043,C002,M002,29/04/2021,5,,€,25
P1042,C002,M002,01/04/2022,5,,€,25
P1041,C002,M002,14/07/2021,5,,€,25
P1040,C002,M002,20/06/2020,5,,€,25
P1039,C002,M002,13/06/2020,5,,€,25
P1038,C002,M002,03/11/2021,5,,€,25
P1037,C002,M002,08/06/2021,5,,€,25
P1036,C002,M002,27/06/2019,5,,€,25
P1035,C002,M002,04/10/2019,5,,€,25
P1034,C002,M002,13/06/2020,5,,€,25
P1033,C002,M002,01/06/2019,5,,€,25
P1032,C002,M002,13/08/2019,5,,€,25
P1031,C002,M002,16/12/2019,5,,€,25
P1030,C002,M002,29/12/2020,5,,€,25
P1029,C002,M002,27/03/2021,5,,€,40
P1028,C002,M002,15/03/2020,5,,€,40
P1027,C002,M002,17/07/2020,5,,€,40
P1026,C002,M002,05/08/2019,5,,€,40
P1025,C002,M002,01/12/2021,5,,€,40
P1024,C002,M002,20/08/2021,5,,€,40
P1023,C002,M002,22/10/2021,5,,€,40
P1022,C002,M002,20/11/2019,5,,€,40
P1021,C002,M002,19/10/2021,5,,€,40
P1020,C002,M002,16/10/2021,5,,€,40
P1019,C002,M002,10/12/2019,5,,€,40
P1018,C002,M002,10/10/2021,5,,€,40
P1017,C002,M002,11/02/2022,5,,€,40
P1016,C002,M002,18/01/2022,5,,€,40
P1015,C002,M002,07/10/2021,5,,€,40
P1014,C002,M002,24/07/2019,5,,€,40
P1013,C002,M002,09/10/2019,5,,€,40
P1012,C002,M002,05/08/2021,5,,€,40
P1011,C002,M002,09/06/2019,5,,€,40
P1010,C002,M002,08/09/2021,5,,€,40
P1009,C002,M002,16/02/2020,5,,€,40
P1008,C002,M002,26/10/2020,5,,€,40
P1007,C002,M002,31/05/2021,5,,€,40
P1006,C002,M002,09/12/2021,5,,€,40
P1005,C002,M002,30/10/2019,5,,€,40
P1004,C002,M002,31/01/2021,5,,€,40
P1003,C002,M002,26/09/2020,5,,€,40
P1002,C002,M002,23/06/2021,5,,€,40
P1001,C002,M002,13/03/2020,5,,€,40
P1000,C002,M002,11/01/2020,5,,€,40
P999,C002,M002,11/01/2020,5,,€,40
P998,C002,M002,29/12/2020,5,,€,40
P997,C002,M002,25/07/2020,5,,€,40
P996,C002,M002,23/05/2021,5,,€,40
P995,C002,M002,12/09/2019,5,,€,40
P994,C002,M002,06/07/2019,5,,€,40
P993,C002,M002,11/03/2020,5,,€,40
P992,C002,M002,01/12/2019,5,,€,40
P991,C002,M002,26/10/2019,5,,€,40
P990,C002,M002,07/10/2021,5,,€,40
P989,C002,M002,29/08/2020,5,,€,40
P988,C002,M002,16/09/2021,5,,€,40
P987,C002,M002,01/02/2021,5,,€,60
P986,C002,M002,30/05/2021,5,,€,60
P985,C002,M002,04/02/2022,5,,€,60
P984,C002,M002,12/09/2021,5,,€,60
P983,C002,M002,07/07/2019,5,,€,60
P982,C002,M002,16/04/2020,5,,€,60
P981,C002,M002,07/03/2020,5,,€,60
P980,C002,M002,30/11/2019,5,,€,60
P979,C002,M002,12/05/2021,5,,€,60
P978,C002,M002,28/09/2019,5,,€,60
P977,C002,M002,29/08/2019,5,,€,60
P976,C002,M002,28/06/2020,5,,€,60
P975,C002,M002,26/03/2022,5,,€,60
P974,C002,M002,24/08/2020,5,,€,60
P973,C002,M002,17/02/2022,5,,€,60
P972,C002,M002,29/03/2022,5,,€,60
P971,C002,M002,23/05/2021,5,,€,50
P970,C002,M002,29/03/2021,5,,€,50
P969,C002,M002,25/04/2020,5,,€,50
P968,C002,M002,23/11/2021,5,,€,50
P967,C002,M002,26/03/2022,5,,€,50
P966,C002,M002,08/09/2019,5,,€,50
P965,C002,M002,11/07/2021,5,,€,50
P964,C002,M002,31/08/2021,5,,€,50
P963,C002,M002,12/07/2019,5,,€,50
P962,C002,M002,02/08/2019,5,,€,50
P961,C002,M002,11/10/2020,5,,€,50
P960,C002,M002,26/03/2021,5,,€,50
P959,C009,M002,22/06/2019,5,,€,50
P958,C002,M002,30/10/2019,5,,€,50
P957,C002,M002,20/01/2021,5,,€,50
P956,C002,M002,19/07/2020,5,,€,50
P955,C002,M002,13/06/2020,5,,€,50
P954,C002,M002,25/10/2019,5,,€,50
P953,C002,M002,05/02/2022,5,,€,50
P952,C002,M002,03/03/2022,5,,€,50
P951,C002,M002,06/09/2019,5,,€,50
P950,C002,M002,30/06/2021,5,,€,50
P949,C002,M002,27/01/2021,5,,€,50
P948,C002,M002,05/06/2020,5,,€,50
P947,C003,M002,27/09/2019,5,,€,50
P946,C003,M002,01/10/2021,5,,€,50
P945,C003,M002,25/02/2022,5,,€,50
P944,C003,M002,26/01/2022,5,,€,50
P943,C003,M002,06/05/2021,5,,€,50
P942,C003,M002,16/12/2019,5,,€,50
P941,C003,M002,15/03/2021,5,,€,50
P940,C017,M010,26/01/2022,5,,€,50
P939,C017,M010,06/05/2021,5,,€,50
P938,C017,M010,16/12/2019,5,,€,50
P937,C017,M010,15/03/2021,5,,€,50
P936,C017,M010,14/05/2020,5,,€,50
P935,C017,M010,10/04/2020,5,,€,60
P934,C017,M010,23/09/2021,5,,€,60
P933,C017,M010,21/06/2021,5,,€,60
P932,C017,M010,20/11/2020,5,,€,60
P931,C017,M010,21/11/2021,5,,€,60
P930,C017,M010,31/10/2021,5,,€,60
P929,C017,M010,16/02/2020,5,,€,60
P928,C017,M010,25/07/2019,5,,€,60
P927,C017,M010,15/10/2021,5,,€,60
P926,C017,M010,26/10/2020,5,,€,60
P925,C017,M010,10/01/2022,5,,€,60
P924,C017,M010,06/11/2021,5,,€,60
P923,C017,M010,23/06/2021,5,,€,60
P922,C017,M010,27/08/2019,5,,€,60
P921,C017,M010,29/06/2019,5,,€,60
P920,C017,M010,29/07/2019,5,,€,60
P919,C017,M010,18/06/2020,5,,€,60
P918,C017,M010,20/10/2020,5,,€,60
P917,C017,M010,21/10/2021,5,,€,65
P916,C017,M010,05/11/2021,5,,€,65
P915,C017,M010,17/04/2020,5,,€,65
P914,C017,M010,16/10/2021,5,,€,65
P913,C017,M010,23/02/2022,5,,€,65
P912,C017,M010,31/05/2020,5,,€,65
P911,C017,M010,06/10/2020,5,,€,65
P910,C017,M010,24/11/2020,5,,€,65
P909,C017,M010,16/12/2020,5,,€,65
P908,C017,M010,09/09/2019,5,,€,65
P907,C017,M010,26/08/2019,5,,€,65
P906,C017,M010,09/09/2021,5,,€,65
P905,C017,M010,01/04/2022,5,,€,65
P904,C017,M010,24/10/2020,5,,€,65
P903,C017,M010,18/08/2019,5,,€,65
P902,C017,M010,21/05/2019,5,,€,65
P901,C017,M010,02/04/2020,5,,€,65
P900,C017,M010,02/12/2020,5,,€,65
P899,C017,M010,14/12/2020,5,,€,65
P898,C017,M010,22/01/2022,5,,€,65
P897,C017,M010,01/06/2020,5,,€,65
P896,C017,M010,16/06/2019,5,,€,65
P895,C017,M010,25/11/2020,5,,€,70
P894,C017,M010,01/10/2019,5,,€,70
P893,C017,M010,01/08/2021,5,,€,70
P892,C017,M010,30/03/2021,5,,€,70
P891,C017,M010,04/07/2021,5,,€,70
P890,C017,M010,30/10/2021,5,,€,70
P889,C017,M010,08/11/2019,5,,€,70
P888,C017,M010,25/02/2022,5,,€,70
P887,C017,M010,25/09/2021,5,,€,70
P886,C017,M010,09/07/2020,5,,€,70
P885,C017,M010,18/05/2019,5,,€,70
P884,C017,M010,13/05/2020,5,,€,70
P883,C017,M010,17/02/2022,5,,€,70
P882,C017,M010,26/07/2021,5,,€,70
P881,C017,M010,09/05/2021,5,,€,70
P880,C017,M010,19/03/2021,5,,€,70
P879,C017,M010,20/07/2019,5,,€,70
P878,C017,M010,03/10/2020,5,,€,70
P877,C017,M010,14/04/2021,5,,€,100
P876,C017,M010,12/10/2019,5,,€,100
P875,C017,M010,16/08/2019,5,,€,100
P874,C017,M010,08/02/2021,5,,€,100
P873,C017,M010,23/04/2020,5,,€,100
P872,C017,M010,22/08/2020,5,,€,100
P871,C017,M010,23/08/2019,5,,€,100
P870,C017,M010,29/06/2019,5,,€,100
P869,C017,M010,22/03/2021,5,,€,100
P868,C017,M010,27/01/2022,5,,€,100
P867,C017,M010,03/12/2020,5,,€,100
P866,C017,M010,16/06/2020,5,,€,100
P865,C017,M010,20/05/2020,5,,€,100
P864,C017,M010,09/05/2019,5,,€,100
P863,C017,M010,24/03/2022,5,,€,100
P862,C017,M010,05/03/2021,5,,€,100
P861,C017,M010,10/04/2021,5,,€,100
P860,C017,M010,05/01/2021,5,,€,100
P859,C017,M010,12/01/2021,5,,€,100
P858,C017,M010,21/02/2020,5,,€,100
P857,C017,M010,20/11/2020,5,,€,100
P856,C017,M010,29/05/2021,5,,€,100
P855,C017,M010,19/10/2021,5,,€,100
P854,C017,M010,18/05/2021,5,,€,100
P853,C017,M010,06/06/2019,5,,€,100
P852,C017,M010,05/11/2021,5,,€,100
P851,C017,M010,03/11/2020,5,,€,100
P850,C017,M010,30/03/2020,5,,€,100
P849,C017,M010,23/10/2021,5,,€,100
P848,C017,M010,26/01/2020,5,,€,100
P847,C017,M010,11/06/2019,5,,€,100
P846,C017,M010,05/12/2021,5,,€,100
P845,C017,M010,10/07/2019,5,,€,100
P844,C017,M010,09/08/2021,5,,€,100
P843,C017,M010,16/04/2021,5,,€,100
P842,C017,M010,12/06/2020,5,,€,100
P841,C017,M010,10/03/2021,5,,€,100
P840,C017,M010,18/08/2021,5,,€,100
P839,C017,M010,01/02/2021,5,,€,100
P838,C017,M010,30/04/2020,5,,€,100
P837,C017,M010,20/11/2020,5,,€,100
P836,C017,M010,13/04/2020,5,,€,100
P835,C017,M010,22/10/2020,5,,€,60
P834,C017,M010,26/01/2021,5,,€,60
P833,C017,M010,29/04/2020,5,,€,60
P832,C017,M010,12/08/2021,5,,€,60
P831,C017,M010,30/06/2020,5,,€,60
P830,C017,M010,04/09/2021,5,,€,60
P829,C017,M010,14/01/2022,5,,€,60
P828,C017,M010,20/11/2020,5,,€,60
P827,C017,M010,03/07/2021,5,,€,60
P826,C017,M010,05/10/2019,8,,€,100
P825,C017,M010,30/10/2021,8,,€,100
P824,C017,M010,12/02/2021,8,,€,100
P823,C017,M010,13/02/2021,8,,€,100
P822,C017,M010,15/03/2020,8,,€,100
P821,C017,M010,03/09/2020,8,,€,100
P820,C017,M010,16/08/2019,8,,€,100
P819,C017,M010,05/09/2020,8,,€,100
P818,C017,M010,04/09/2020,8,,€,100
P817,C017,M010,28/08/2019,8,,€,100
P816,C017,M010,20/12/2019,8,,€,100
P815,C017,M010,25/06/2021,8,,€,100
P814,C017,M010,19/05/2019,8,,€,100
P813,C017,M010,01/01/2021,8,,€,100
P812,C017,M010,01/03/2020,8,,€,100
P811,C017,M010,01/06/2020,8,,€,100
P810,C017,M010,17/12/2020,8,,€,100
P809,C017,M010,04/12/2021,8,,€,100
P808,C017,M010,03/03/2021,8,,€,100
P807,C017,M010,16/11/2021,8,,€,100
P806,C017,M010,26/01/2020,8,,€,100
P805,C017,M010,15/08/2019,8,,€,100
P804,C017,M010,12/01/2021,8,,€,100
P803,C017,M010,06/11/2020,8,,€,100
P802,C017,M010,15/03/2021,8,,€,100
P801,C017,M010,06/08/2020,8,,€,100
P800,C017,M010,31/03/2021,8,,€,100
P799,C017,M010,01/12/2019,8,,€,100
P798,C017,M010,20/09/2020,8,,€,100
P797,C017,M010,11/11/2021,8,,€,100
P796,C017,M010,18/09/2020,8,,€,100
P795,C017,M010,20/02/2020,8,,€,100
P794,C017,M010,03/12/2019,8,,€,100
P793,C017,M010,24/03/2021,8,,€,100
P792,C017,M010,10/08/2021,8,,€,100
P791,C017,M010,12/09/2021,8,,€,100
P790,C017,M010,28/07/2019,8,,€,100
P789,C017,M010,21/07/2021,8,,€,100
P788,C017,M010,16/05/2019,8,,€,100
P787,C017,M010,04/01/2020,8,,€,100
P786,C017,M010,25/02/2022,8,,€,100
P785,C017,M010,03/10/2019,8,,€,100
P784,C017,M010,24/11/2019,8,,€,100
P783,C017,M010,29/12/2021,8,,€,100
P782,C017,M010,09/11/2019,8,,€,100
P781,C017,M010,12/03/2021,8,,€,100
P780,C017,M010,21/08/2019,8,,€,100
P779,C017,M010,26/06/2019,8,,€,100
P778,C017,M010,28/01/2022,8,,€,100
P777,C017,M010,20/06/2021,8,,€,100
P776,C017,M010,27/06/2020,8,,€,100
P775,C017,M010,10/08/2020,8,,€,100
P774,C017,M010,05/04/2020,8,,€,100
P773,C017,M010,29/10/2019,8,,€,100
P772,C017,M010,08/05/2020,8,,€,100
P771,C017,M010,28/09/2020,8,,€,100
P770,C017,M010,01/09/2020,8,,€,100
P769,C017,M010,13/03/2022,8,,€,100
P768,C017,M010,10/01/2022,8,,€,100
P767,C017,M010,29/10/2021,8,,€,100
P766,C017,M010,12/02/2020,8,,€,130
P765,C017,M010,03/02/2020,8,,€,130
P764,C017,M010,10/12/2020,8,,€,130
P763,C017,M010,29/12/2020,8,,€,130
P762,C017,M010,10/09/2019,8,,€,130
P761,C017,M010,01/07/2019,8,,€,130
P760,C017,M010,30/11/2021,8,,€,130
P759,C017,M010,28/03/2021,8,,€,130
P758,C017,M010,26/09/2020,8,,€,130
P757,C017,M010,11/04/2020,8,,€,130
P756,C017,M010,14/05/2019,8,,€,130
P755,C017,M010,19/09/2021,8,,€,130
P754,C017,M010,23/09/2019,8,,€,130
P753,C017,M010,17/08/2019,8,,€,130
P752,C017,M010,18/06/2020,8,,€,130
P751,C017,M010,03/05/2021,8,,€,130
P750,C017,M010,01/09/2019,8,,€,130
P749,C017,M010,11/03/2021,8,,€,130
P748,C017,M010,23/09/2021,8,,€,130
P747,C017,M010,31/07/2021,8,,€,130
P746,C017,M010,11/12/2020,8,,€,130
P745,C017,M010,29/03/2021,8,,€,130
P744,C017,M010,04/09/2019,8,,€,130
P743,C017,M010,16/07/2021,8,,€,130
P742,C017,M010,26/09/2020,8,,€,130
P741,C017,M010,31/01/2022,8,,€,130
P740,C017,M010,20/06/2021,8,,€,130
P739,C017,M010,05/01/2021,8,,€,130
P738,C017,M010,24/01/2021,8,,€,130
P737,C017,M010,22/11/2020,8,,€,130
P736,C017,M010,12/02/2022,8,,€,130
P735,C017,M010,24/11/2019,8,,€,130
P734,C017,M010,15/05/2020,8,,€,130
P733,C017,M010,30/07/2020,8,,€,130
P732,C017,M010,28/01/2022,8,,€,130
P731,C017,M010,11/07/2020,8,,€,130
P730,C017,M010,05/06/2020,8,,€,130
P729,C017,M010,22/07/2019,8,,€,130
P728,C017,M010,22/10/2019,8,,€,130
P727,C017,M010,22/06/2021,8,,€,130
P726,C017,M010,20/09/2020,8,,€,130
P725,C017,M010,09/06/2021,8,,€,130
P724,C017,M010,09/03/2020,8,,€,130
P723,C017,M010,27/12/2021,8,,€,130
P722,C017,M010,24/03/2022,8,,€,130
P721,C017,M010,17/03/2021,8,,€,130
P720,C017,M010,07/06/2020,8,,€,130
P719,C017,M010,13/02/2021,8,,€,130
P718,C017,M010,05/06/2020,8,,€,130
P717,C017,M010,19/06/2020,8,,€,130
P716,C017,M010,03/12/2019,8,,€,130
P715,C017,M010,08/09/2021,8,,€,130
P714,C017,M010,12/06/2021,8,,€,130
P713,C017,M010,15/07/2021,8,,€,130
P712,C017,M010,12/04/2021,8,,€,130
P711,C017,M010,21/01/2022,8,,€,130
P710,C017,M010,25/12/2019,8,,€,130
P709,C017,M010,29/01/2020,8,,€,130
P708,C017,M010,08/07/2020,8,,€,130
P707,C017,M010,05/08/2021,8,,€,130
P706,C017,M010,06/11/2020,8,,€,50
P705,C017,M010,17/03/2021,8,,€,50
P704,C017,M010,23/12/2021,8,,€,50
P703,C017,M010,13/10/2021,8,,€,50
P702,C017,M010,30/09/2021,8,,€,50
P701,C017,M010,08/11/2020,8,,€,50
P700,C017,M010,08/08/2021,8,,€,50
P699,C017,M010,28/07/2021,8,,€,50
P698,C017,M010,30/12/2021,8,,€,50
P697,C017,M010,07/01/2021,8,,€,50
P696,C017,M010,28/03/2021,8,,€,50
P695,C017,M010,18/02/2022,8,,€,50
P694,C017,M010,20/06/2021,8,,€,50
P693,C017,M010,04/09/2021,8,,€,50
P692,C017,M010,20/10/2021,8,,€,50
P691,C017,M010,02/11/2021,8,,€,50
P690,C017,M010,17/11/2021,8,,€,50
P689,C017,M010,26/01/2021,8,,€,50
P688,C017,M010,18/09/2020,8,,€,50
P687,C017,M010,26/09/2020,8,,€,50
P686,C017,M010,09/09/2021,8,,€,50
P685,C017,M010,18/04/2021,8,,€,50
P684,C017,M010,31/01/2021,8,,€,50
P683,C017,M010,24/12/2021,8,,€,50
P682,C017,M010,10/02/2021,8,,€,50
P681,C017,M010,23/09/2021,8,,€,50
P680,C017,M010,16/10/2020,8,,€,50
P679,C017,M010,02/04/2022,8,,€,50
P678,C017,M010,28/09/2021,8,,€,50
P677,C017,M010,24/03/2022,8,,€,50
P676,C017,M010,01/05/2021,8,,€,75
P675,C017,M010,12/04/2022,8,,€,75
P674,C017,M010,17/03/2022,8,,€,75
P673,C017,M010,08/03/2022,8,,€,75
P672,C017,M010,12/12/2020,8,,€,75
P671,C017,M010,26/01/2022,8,,€,75
P670,C017,M010,18/09/2021,8,,€,75
P669,C017,M010,16/02/2021,8,,€,75
P668,C017,M010,02/06/2021,8,,€,75
P667,C017,M010,26/05/2021,8,,€,75
P666,C017,M010,19/03/2021,8,,€,75
P665,C017,M010,17/06/2021,8,,€,75
P664,C017,M010,22/09/2020,8,,€,75
P663,C017,M010,08/02/2021,8,,€,75
P662,C017,M010,14/09/2020,8,,€,75
P661,C017,M010,27/04/2022,8,,€,75
P660,C017,M010,01/03/2021,8,,€,75
P659,C017,M010,14/02/2021,8,,€,75
P658,C017,M010,18/10/2021,8,,€,75
P657,C017,M010,22/09/2020,8,,€,75
P656,C017,M010,27/08/2021,8,,€,75
P655,C017,M010,03/09/2021,8,,€,75
P654,C017,M010,12/01/2022,8,,€,75
P653,C017,M010,31/08/2021,8,,€,75
P652,C017,M010,10/09/2020,8,,€,75
P651,C017,M010,05/11/2021,8,,€,75
P650,C017,M010,21/09/2020,8,,€,75
P649,C017,M010,24/03/2022,8,,€,75
P648,C017,M010,15/01/2022,8,,€,75
P647,C017,M010,01/11/2021,8,,€,75
P646,C017,M010,30/04/2022,8,,€,75
P645,C017,M010,04/10/2020,8,,€,75
P644,C017,M010,08/05/2021,8,,€,75
P643,C017,M010,16/09/2020,8,,€,75
P642,C017,M010,07/02/2021,8,,€,75
P641,C017,M010,21/03/2022,8,,€,75
P640,C017,M010,17/08/2021,8,,€,75
P639,C017,M010,11/05/2021,8,,€,75
P638,C017,M010,05/06/2021,8,,€,75
P637,C017,M010,16/08/2021,8,,€,75
P636,C017,M010,27/03/2021,8,,€,75
P635,C017,M010,13/09/2021,8,,€,75
P634,C017,M010,11/02/2022,8,,€,110
P633,C017,M010,24/01/2021,8,,€,110
P632,C017,M010,17/09/2021,8,,€,110
P631,C017,M010,03/05/2022,8,,€,110
P630,C017,M010,02/08/2021,8,,€,110
P629,C017,M010,21/03/2021,8,,€,110
P628,C017,M010,10/07/2021,8,,€,110
P627,C017,M010,25/04/2022,8,,€,110
P626,C017,M010,17/03/2022,8,,€,110
P625,C017,M010,22/11/2020,8,,€,110
P624,C017,M010,09/12/2020,8,,€,110
P623,C017,M010,06/07/2021,8,,€,110
P622,C017,M010,23/11/2020,8,,€,110
P621,C017,M010,12/01/2021,8,,€,110
P620,C017,M010,20/10/2021,8,,€,110
P619,C017,M010,29/06/2021,8,,€,110
P618,C017,M010,21/01/2022,8,,€,90
P617,C017,M010,04/05/2021,8,,€,90
P616,C017,M010,23/07/2021,8,,€,90
P615,C017,M010,12/08/2021,8,,€,90
P614,C017,M010,20/01/2021,8,,€,90
P613,C017,M010,18/03/2021,8,,€,90
P612,C017,M010,09/06/2021,8,,€,90
P611,C017,M010,03/01/2022,8,,€,90
P610,C017,M010,10/10/2021,8,,€,90
P609,C017,M010,23/11/2020,8,,€,90
P608,C017,M010,07/12/2020,8,,€,90
P607,C017,M010,16/09/2021,8,,€,90
P606,C017,M010,06/05/2022,8,,€,90
P605,C017,M010,10/04/2022,8,,€,90
P604,C017,M010,17/11/2020,8,,€,90
P603,C017,M010,03/08/2021,8,,€,90
P602,C017,M010,16/03/2021,8,,€,90
P601,C017,M010,01/11/2021,8,,€,90
P600,C017,M010,01/11/2020,8,,€,90
P599,C017,M010,04/01/2022,8,,€,90
P598,C017,M010,19/08/2021,8,,€,90
P597,C017,M010,17/11/2021,8,,€,90
P596,C017,M010,27/08/2021,8,,€,90
P595,C017,M010,25/11/2021,8,,€,90
P594,C017,M010,05/02/2021,8,,€,90
P593,C017,M010,29/09/2021,8,,€,90
P592,C017,M010,16/11/2020,8,,€,90
P591,C017,M010,24/02/2021,8,,€,90
P590,C017,M010,29/12/2021,8,,€,90
P589,C017,M010,16/12/2021,8,,€,90
P588,C017,M010,30/07/2021,8,,€,90
P587,C017,M010,17/05/2021,8,,€,90
P586,C017,M010,04/01/2021,8,,€,90
P585,C017,M010,12/10/2021,8,,€,90
P584,C017,M010,12/06/2021,8,,€,90
P583,C017,M010,17/01/2021,8,,€,90
P582,C017,M010,22/10/2020,8,,€,100
P581,C017,M010,10/01/2021,8,,€,100
P580,C017,M010,03/10/2021,8,,€,100
P579,C017,M010,30/05/2021,8,,€,100
P578,C017,M010,17/01/2022,8,,€,100
P577,C017,M010,07/12/2020,8,,€,100
P576,C017,M010,13/02/2021,8,,€,100
P575,C017,M010,02/09/2021,8,,€,100
P574,C017,M010,30/04/2021,8,,€,100
P573,C017,M010,25/03/2022,8,,€,100
P572,C017,M010,29/09/2020,8,,€,100
P571,C017,M010,12/11/2020,8,,€,100
P570,C017,M010,06/01/2021,8,,€,100
P569,C017,M010,26/12/2021,8,,€,100
P568,C017,M010,30/05/2021,8,,€,100
P567,C017,M010,06/12/2020,8,,€,100
P566,C017,M010,06/06/2021,8,,€,100
P565,C017,M010,06/05/2021,8,,€,100
P564,C017,M010,02/02/2022,8,,€,120
P563,C017,M010,27/11/2021,8,,€,120
P562,C017,M010,31/01/2022,8,,€,120
P561,C017,M010,11/02/2021,8,,€,120
P560,C017,M010,07/02/2021,8,,€,140
P559,C017,M010,28/04/2022,8,,€,140
P558,C017,M010,16/12/2020,8,,€,140
P557,C017,M010,25/08/2021,8,,€,140
P556,C017,M010,06/09/2021,4,,€,140
P555,C017,M010,22/04/2021,4,,€,140
P554,C017,M010,25/07/2021,4,,€,140
P553,C017,M010,16/02/2022,4,,€,140
P552,C017,M010,17/03/2022,4,,€,140
P551,C017,M010,07/11/2021,4,,€,140
P550,C017,M010,01/10/2021,4,,€,140
P549,C017,M010,27/06/2021,4,,€,140
P548,C017,M010,28/11/2021,4,,€,140
P547,C017,M010,16/11/2020,4,,€,140
P546,C017,M010,06/12/2020,4,,€,140
P545,C017,M010,20/09/2021,4,,€,140
P544,C017,M010,06/10/2020,4,,€,140
P543,C017,M010,04/06/2021,4,,€,140
P542,C017,M010,07/04/2021,4,,€,150
P541,C017,M010,13/09/2020,4,,€,150
P540,C017,M010,19/11/2020,4,,€,150
P539,C017,M010,12/04/2021,4,,€,150
P538,C017,M010,29/11/2021,4,,€,150
P537,C017,M010,02/12/2021,4,,€,150
P536,C017,M010,29/11/2021,4,,€,150
P535,C017,M010,20/12/2020,4,,€,150
P534,C017,M010,17/02/2022,4,,€,150
P533,C017,M010,04/06/2021,4,,€,150
P532,C017,M010,23/12/2020,4,,€,150
P531,C017,M010,11/06/2021,4,,€,150
P530,C017,M010,02/12/2021,4,,€,150
P529,C017,M010,03/02/2022,4,,€,150
P528,C017,M010,06/01/2022,4,,€,150
P527,C017,M010,20/11/2021,4,,€,150
P526,C017,M010,16/09/2021,4,,€,150
P525,C017,M010,30/03/2022,4,,€,150
P524,C017,M010,02/10/2021,4,,€,150
P523,C017,M010,09/02/2021,4,,€,150
P522,C017,M010,17/04/2021,4,,€,150
P521,C017,M010,15/03/2021,4,,€,150
P520,C017,M010,14/09/2021,4,,€,150
P519,C017,M010,11/06/2021,4,,€,150
P518,C017,M010,17/11/2021,4,,€,150
P517,C017,M010,10/01/2021,4,,€,150
P516,C017,M010,08/08/2021,4,,€,150
P515,C017,M010,30/12/2020,4,,€,150
P514,C017,M010,29/03/2022,4,,€,150
P513,C017,M010,27/01/2022,4,,€,150
P512,C017,M010,13/04/2022,4,,€,150
P511,C017,M010,11/07/2021,4,,€,150
P510,C017,M010,28/12/2020,4,,€,150
P509,C017,M010,25/08/2021,4,,€,150
P508,C017,M010,16/09/2021,4,,€,150
P507,C017,M010,24/08/2021,4,,€,150
P506,C017,M010,28/10/2021,4,,€,150
P505,C017,M010,28/03/2021,4,,€,150
P504,C017,M010,02/05/2022,4,,€,150
P503,C017,M010,13/04/2022,4,,€,150
P502,C017,M010,03/06/2021,4,,€,150
P501,C017,M010,04/12/2020,4,,€,150
P500,C017,M010,29/12/2020,4,,€,150
P499,C017,M010,22/03/2022,4,,€,150
P498,C017,M010,27/01/2021,4,,€,150
P497,C017,M010,15/02/2021,4,,€,150
P496,C017,M010,07/04/2021,4,,€,150
P495,C017,M010,30/11/2021,4,,€,150
P494,C017,M010,14/01/2022,4,,€,150
P493,C017,M010,23/02/2021,4,,€,150
P492,C017,M010,12/10/2020,4,,€,150
P491,C017,M010,04/05/2021,4,,€,150
P490,C017,M010,07/03/2021,4,,€,150
P489,C017,M010,26/07/2021,4,,€,150
P488,C017,M010,28/01/2022,4,,€,150
P487,C017,M010,29/01/2021,4,,€,150
P486,C017,M010,25/11/2021,4,,€,150
P485,C017,M010,01/01/2021,4,,€,150
P484,C017,M010,07/04/2022,4,,€,150
P483,C017,M010,25/12/2021,4,,€,150
P482,C017,M010,13/06/2021,4,,€,110
P481,C017,M010,20/12/2021,4,,€,110
P480,C017,M010,31/12/2020,4,,€,110
P479,C017,M010,09/12/2021,4,,€,110
P478,C017,M010,31/10/2021,4,,€,110
P477,C017,M010,11/09/2020,4,,€,110
P476,C017,M010,31/12/2020,4,,€,110
P475,C017,M010,04/12/2020,4,,€,110
P474,C017,M010,28/02/2022,4,,€,110
P473,C017,M010,05/02/2021,4,,€,190
P472,C017,M010,17/12/2021,4,,€,190
P471,C017,M010,01/04/2022,4,,€,190
P470,C017,M010,23/06/2021,4,,€,190
P469,C017,M010,22/12/2020,4,,€,190
P468,C017,M010,04/05/2020,4,,€,190
P467,C017,M010,17/10/2019,4,,€,190
P466,C017,M010,23/04/2021,4,,€,190
P465,C017,M010,02/06/2021,4,,€,190
P464,C017,M010,09/04/2020,4,,€,190
P463,C017,M010,05/04/2020,4,,€,190
P462,C017,M010,06/06/2020,4,,€,190
P461,C017,M010,22/05/2019,4,,€,190
P460,C017,M010,02/09/2021,4,,€,190
P459,C017,M010,17/06/2019,4,,€,190
P458,C017,M010,24/01/2020,4,,€,190
P457,C017,M010,28/03/2020,4,,€,190
P456,C017,M010,26/11/2019,4,,€,190
P455,C017,M010,28/06/2021,4,,€,190
P454,C017,M010,25/05/2021,4,,€,190
P453,C017,M010,02/05/2020,4,,€,190
P452,C017,M010,09/08/2020,4,,€,190
P451,C017,M010,29/04/2021,4,,€,190
P450,C017,M010,01/04/2022,4,,€,190
P449,C017,M010,14/07/2021,4,,€,190
P448,C017,M010,20/06/2020,4,,€,190
P447,C017,M010,13/06/2020,4,,€,190
P446,C017,M010,03/11/2021,4,,€,190
P445,C017,M010,08/06/2021,4,,€,190
P444,C017,M010,27/06/2019,4,,€,190
P443,C017,M010,04/10/2019,4,,€,190
P442,C017,M010,13/06/2020,4,,€,190
P441,C017,M010,01/06/2019,4,,€,190
P440,C017,M010,13/08/2019,4,,€,190
P439,C017,M010,16/12/2019,4,,€,190
P438,C017,M010,29/12/2020,4,,€,190
P437,C017,M010,27/03/2021,4,,€,190
P436,C017,M010,15/03/2020,4,,€,190
P435,C017,M010,17/07/2020,4,,€,190
P434,C017,M010,05/08/2019,4,,€,190
P433,C017,M010,01/12/2021,4,,€,190
P432,C017,M010,20/08/2021,4,,€,190
P431,C017,M010,22/10/2021,4,,€,190
P430,C017,M010,20/11/2019,4,,€,190
P429,C017,M010,19/10/2021,4,,€,190
P428,C017,M010,16/10/2021,4,,€,190
P427,C017,M010,10/12/2019,4,,€,190
P426,C017,M010,10/10/2021,4,,€,190
P425,C017,M010,11/02/2022,4,,€,190
P424,C017,M010,18/01/2022,4,,€,190
P423,C017,M010,07/10/2021,4,,€,190
P422,C017,M010,24/07/2019,4,,€,190
P421,C017,M010,09/10/2019,4,,€,190
P420,C017,M010,05/08/2021,4,,€,190
P419,C017,M010,09/06/2019,4,,€,190
P418,C017,M010,08/09/2021,4,,€,190
P417,C017,M010,16/02/2020,4,,€,190
P416,C017,M010,26/10/2020,4,,€,190
P415,C017,M010,31/05/2021,4,,€,190
P414,C017,M010,09/12/2021,4,,€,190
P413,C017,M010,30/10/2019,4,,€,200
P412,C017,M010,31/01/2021,4,,€,200
P411,C017,M010,26/09/2020,4,,€,200
P410,C017,M010,23/06/2021,4,,€,200
P409,C017,M010,13/03/2020,4,,€,200
P408,C017,M010,11/01/2020,4,,€,200
P407,C017,M010,11/01/2020,4,,€,200
P406,C017,M010,29/12/2020,4,,€,200
P405,C017,M010,25/07/2020,4,,€,200
P404,C017,M010,23/05/2021,4,,€,200
P403,C017,M010,12/09/2019,4,,€,200
P402,C017,M010,06/07/2019,4,,€,200
P401,C017,M010,11/03/2020,4,,€,200
P400,C017,M010,01/12/2019,4,,€,200
P399,C017,M010,26/10/2019,4,,€,200
P398,C017,M010,07/10/2021,4,,€,200
P397,C017,M010,29/08/2020,4,,€,200
P396,C017,M010,16/09/2021,4,,€,200
P395,C017,M010,01/02/2021,4,,€,200
P394,C017,M010,30/05/2021,4,,€,200
P393,C017,M010,04/02/2022,4,,€,200
P392,C017,M010,12/09/2021,4,,€,200
P391,C017,M010,07/07/2019,4,,€,200
P390,C017,M010,16/04/2020,4,,€,200
P389,C017,M010,07/03/2020,4,,€,200
P388,C017,M010,30/11/2019,4,,€,200
P387,C017,M010,12/05/2021,4,,€,200
P386,C017,M010,28/09/2019,4,,€,200
P385,C017,M010,29/08/2019,4,,€,200
P384,C017,M010,28/06/2020,4,,€,200
P383,C017,M010,26/03/2022,4,,€,200
P382,C017,M010,24/08/2020,4,,€,200
P381,C017,M010,17/02/2022,4,,€,200
P380,C017,M010,29/03/2022,4,,€,200
P379,C017,M010,23/05/2021,4,,€,200
P378,C017,M010,29/03/2021,4,,€,200
P377,C017,M010,25/04/2020,4,,€,200
P376,C017,M010,23/11/2021,4,,€,200
P375,C017,M010,26/03/2022,4,,€,200
P374,C017,M010,08/09/2019,4,,€,200
P373,C017,M010,11/07/2021,4,,€,200
P372,C017,M010,31/08/2021,4,,€,200
P371,C017,M010,12/07/2019,4,,€,200
P370,C017,M010,02/08/2019,4,,€,200
P369,C017,M010,11/10/2020,4,,€,200
P368,C017,M010,26/03/2021,4,,€,200
P367,C017,M010,22/06/2019,4,,€,200
P366,C017,M010,30/10/2019,4,,€,200
P365,C017,M010,20/01/2021,4,,€,200
P364,C017,M010,19/07/2020,4,,€,200
P363,C017,M010,13/06/2020,4,,€,200
P362,C017,M010,25/10/2019,4,,€,200
P361,C017,M010,05/02/2022,4,,€,200
P360,C017,M010,03/03/2022,4,,€,200
P359,C017,M010,06/09/2019,4,,€,200
P358,C017,M010,30/06/2021,4,,€,200
P357,C017,M010,27/01/2021,4,,€,200
P356,C017,M010,05/06/2020,4,,€,200
P355,C017,M010,27/09/2019,4,,€,200
P354,C017,M010,01/10/2021,4,,€,200
P353,C017,M010,25/02/2022,90,,€,50
P352,C017,M010,26/01/2022,100,,€,50
P351,C017,M010,06/05/2021,80,,€,50
P350,C017,M010,16/12/2019,87,,€,50
P349,C017,M010,06/05/2021,56,,€,50
P348,C017,M010,16/12/2019,87,,€,50
P347,C017,M010,15/03/2021,98,,€,50
P346,C017,M010,05/08/2021,78,,€,50
P345,C017,M010,06/11/2020,90,,€,50
P344,C017,M010,17/03/2021,78,,€,50
P343,C017,M010,23/12/2021,98,,€,50
P342,C017,M010,13/10/2021,87,,€,50
P341,C017,M010,30/09/2021,57,,€,50
P340,C017,M010,08/11/2020,80,,€,50
P339,C017,M010,08/08/2021,80,,€,50
P338,C017,M010,28/07/2021,80,,€,50
P337,C017,M010,30/12/2021,80,,€,50
P336,C017,M010,07/01/2021,80,,€,50
P335,C017,M010,28/03/2021,80,,€,50
P334,C017,M010,18/02/2022,80,,€,50
P333,C017,M010,20/06/2021,80,,€,50
P332,C017,M010,04/09/2021,80,,€,50
P331,C017,M010,20/10/2021,80,,€,50
P330,C017,M010,02/11/2021,100,,€,50
P329,C017,M010,17/11/2021,90,,€,50
P328,C017,M010,26/01/2021,90,,€,50
P327,C017,M010,18/09/2020,90,,€,50
P326,C017,M010,26/09/2020,90,,€,50
P325,C017,M010,09/09/2021,90,,€,50
P324,C017,M010,18/04/2021,90,,€,50
P323,C017,M010,31/01/2021,90,,€,70
P322,C017,M010,24/12/2021,90,,€,70
P321,C017,M010,10/02/2021,90,,€,70
P320,C017,M010,23/09/2021,90,,€,70
P319,C017,M010,16/10/2020,90,,€,70
P318,C017,M010,02/04/2022,90,,€,70
P317,C017,M010,28/09/2021,90,,€,70
P316,C017,M010,24/03/2022,90,,€,70
P315,C017,M010,01/05/2021,90,,€,70
P314,C017,M010,12/04/2022,90,,€,70
P313,C017,M010,17/03/2022,90,,€,70
P312,C017,M010,08/03/2022,56,,€,70
P311,C017,M010,12/12/2020,56,,€,70
P310,C017,M010,26/01/2022,56,,€,70
P309,C017,M010,18/09/2021,56,,€,70
P308,C017,M010,16/02/2021,56,,€,70
P307,C017,M010,02/06/2021,56,,€,70
P306,C017,M010,26/05/2021,56,,€,70
P305,C017,M010,19/03/2021,56,,€,70
P304,C017,M010,17/06/2021,56,,€,70
P303,C017,M010,22/09/2020,56,,€,70
P302,C017,M010,08/02/2021,56,,€,70
P301,C017,M010,14/09/2020,56,,€,70
P300,C017,M010,27/04/2022,57,,€,70
P299,C017,M010,01/03/2021,58,,€,70
P298,C017,M010,14/02/2021,52,,€,70
P297,C017,M010,18/10/2021,60,,€,70
P296,C017,M010,22/09/2020,80,,€,70
P295,C017,M010,27/08/2021,60,,€,70
P294,C017,M010,03/09/2021,50,,€,70
P293,C017,M010,12/01/2022,2,,€,70
P292,C017,M010,31/08/2021,2,,€,70
P291,C017,M010,10/09/2020,2,,€,70
P290,C017,M010,05/11/2021,2,,€,70
P289,C017,M010,21/09/2020,2,,€,70
P288,C017,M010,24/03/2022,2,,€,70
P287,C017,M010,15/01/2022,2,,€,70
P286,C017,M010,01/11/2021,2,,€,70
P285,C017,M010,30/04/2022,2,,€,70
P284,C017,M010,04/10/2020,2,,€,70
P283,C017,M010,08/05/2021,2,,€,70
P282,C017,M010,16/09/2020,2,,€,70
P281,C017,M010,07/02/2021,2,,€,100
P280,C017,M010,21/03/2022,2,,€,100
P279,C017,M010,17/08/2021,2,,€,100
P278,C017,M010,11/05/2021,2,,€,100
P277,C017,M010,05/06/2021,2,,€,100
P276,C017,M010,16/08/2021,2,,€,100
P275,C017,M010,27/03/2021,2,,€,100
P274,C017,M010,13/09/2021,2,,€,100
P273,C017,M010,11/02/2022,2,,€,100
P272,C017,M010,24/01/2021,2,,€,100
P271,C017,M010,17/09/2021,2,,€,100
P270,C017,M010,03/05/2022,2,,€,100
P269,C017,M010,02/08/2021,2,,€,100
P268,C017,M010,21/03/2021,2,,€,100
P267,C017,M010,10/07/2021,2,,€,100
P266,C017,M010,25/04/2022,2,,€,100
P265,C017,M010,17/03/2022,2,,€,90
P264,C017,M010,22/11/2020,2,,€,90
P263,C017,M010,09/12/2020,2,,€,90
P262,C017,M010,06/07/2021,2,,€,90
P261,C017,M010,23/11/2020,2,,€,90
P260,C017,M010,12/01/2021,2,,€,90
P259,C017,M010,20/10/2021,2,,€,90
P258,C017,M010,29/06/2021,2,,€,90
P257,C017,M010,21/01/2022,2,,€,90
P256,C017,M010,04/05/2021,2,,€,90
P255,C017,M010,23/07/2021,2,,€,90
P254,C017,M010,12/08/2021,2,,€,90
P253,C017,M010,20/01/2021,2,,€,90
P252,C017,M010,18/03/2021,2,,€,90
P251,C017,M010,09/06/2021,2,,€,90
P250,C017,M010,03/01/2022,2,,€,90
P249,C017,M010,10/10/2021,2,,€,90
P248,C017,M010,23/11/2020,2,,€,90
P247,C017,M010,07/12/2020,2,,€,90
P246,C017,M010,16/09/2021,2,,€,90
P245,C017,M010,06/05/2022,2,,€,90
P244,C017,M010,10/04/2022,2,,€,90
P243,C017,M010,17/11/2020,2,,€,90
P242,C017,M010,03/08/2021,2,,€,90
P241,C017,M010,16/03/2021,2,,€,90
P240,C017,M010,01/11/2021,2,,€,90
P239,C017,M010,01/11/2020,2,,€,90
P238,C017,M010,04/01/2022,2,,€,90
P237,C017,M010,19/08/2021,2,,€,90
P236,C017,M010,17/11/2021,2,,€,90
P235,C017,M010,27/08/2021,2,,€,90
P234,C017,M010,25/11/2021,2,,€,90
P233,C017,M010,05/02/2021,2,,€,90
P232,C017,M010,29/09/2021,2,,€,90
P231,C017,M010,16/11/2020,2,,€,90
P230,C017,M010,24/02/2021,2,,€,90
P229,C017,M010,29/12/2021,2,,€,100
P228,C017,M010,16/12/2021,2,,€,100
P227,C017,M010,30/07/2021,2,,€,100
P226,C017,M010,01/10/2021,2,,€,100
P225,C017,M010,25/02/2022,2,,€,100
P224,C017,M010,26/01/2022,2,,€,100
P223,C017,M010,06/05/2021,2,,€,100
P222,C017,M010,16/12/2019,2,,€,100
P221,C017,M010,17/08/2019,2,,€,100
P220,C017,M010,18/06/2020,2,,€,100
P219,C017,M010,03/05/2021,2,,€,100
P218,C017,M010,01/09/2019,2,,€,100
P217,C017,M010,11/03/2021,2,,€,100
P216,C017,M010,23/09/2021,2,,€,100
P215,C017,M010,31/07/2021,2,,€,100
P214,C017,M010,11/12/2020,2,,€,100
P213,C017,M010,29/03/2021,2,,€,100
P212,C017,M010,04/09/2019,2,,€,100
P211,C017,M010,16/07/2021,2,,€,110
P210,C017,M010,26/09/2020,2,,€,110
P209,C017,M010,31/01/2022,2,,€,110
P208,C017,M010,20/06/2021,2,,€,110
P207,C017,M010,05/01/2021,2,,€,130
P206,C017,M010,24/01/2021,2,,€,130
P205,C017,M010,22/11/2020,2,,€,130
P204,C017,M010,12/02/2022,2,,€,130
P203,C017,M010,24/11/2019,2,,€,130
P202,C017,M010,15/05/2020,2,,€,130
P201,C017,M010,30/07/2020,2,,€,130
P200,C017,M010,28/01/2022,2,,€,130
P199,C017,M010,11/07/2020,2,,€,130
P198,C017,M010,05/06/2020,2,,€,130
P197,C017,M010,22/07/2019,2,,€,130
P196,C017,M010,22/10/2019,2,,€,130
P195,C017,M010,22/06/2021,2,,€,130
P194,C017,M010,20/09/2020,2,,€,130
P193,C017,M010,09/06/2021,2,,€,130
P192,C017,M010,09/03/2020,2,,€,130
P191,C017,M010,27/12/2021,2,,€,130
P190,C017,M010,24/03/2022,2,,€,130
P189,C017,M010,17/03/2021,2,,€,140
P188,C017,M010,07/06/2020,2,,€,140
P187,C017,M010,13/02/2021,2,,€,140
P186,C017,M010,05/06/2020,2,,€,140
P185,C017,M010,19/06/2020,2,,€,140
P184,C017,M010,03/12/2019,2,,€,140
P183,C017,M010,08/09/2021,2,,€,140
P182,C017,M010,12/06/2021,2,,€,140
P181,C017,M010,15/07/2021,2,,€,140
P180,C017,M010,12/04/2021,2,,€,140
P179,C017,M010,21/01/2022,2,,€,140
P178,C017,M010,25/12/2019,2,,€,140
P177,C017,M010,29/01/2020,2,,€,140
P176,C017,M010,08/07/2020,2,,€,140
P175,C017,M010,11/06/2019,2,,€,140
P174,C017,M010,17/12/2019,2,,€,140
P173,C017,M010,26/06/2019,2,,€,140
P172,C017,M010,13/09/2021,2,,€,140
P171,C017,M010,20/11/2021,2,,€,150
P170,C017,M010,02/12/2021,2,,€,150
P169,C017,M010,15/10/2019,2,,€,150
P168,C017,M010,20/04/2021,2,,€,150
P167,C017,M010,14/12/2021,2,,€,150
P166,C017,M010,24/06/2020,2,,€,150
P165,C017,M010,21/10/2020,2,,€,150
P164,C017,M010,15/12/2019,2,,€,150
P163,C017,M010,02/08/2021,2,,€,150
P162,C017,M010,27/10/2021,2,,€,150
P161,C017,M010,10/02/2022,2,,€,150
P160,C017,M010,05/06/2020,2,,€,150
P159,C017,M010,14/08/2021,2,,€,150
P158,C017,M010,26/06/2019,2,,€,150
P157,C017,M010,12/11/2019,2,,€,150
P156,C017,M010,17/10/2020,2,,€,150
P155,C017,M010,30/01/2022,2,,€,150
P154,C017,M010,10/05/2019,2,,€,150
P153,C017,M010,04/12/2020,2,,€,150
P152,C017,M010,28/02/2021,2,,€,150
P151,C017,M010,13/08/2020,2,,€,150
P150,C017,M010,04/04/2020,2,,€,150
P149,C017,M010,15/01/2022,2,,€,150
P148,C017,M010,05/09/2020,2,,€,150
P147,C017,M010,25/03/2022,2,,€,150
P146,C017,M010,26/03/2020,2,,€,150
P145,C017,M010,10/01/2021,2,,€,150
P144,C017,M010,29/07/2021,2,,€,150
P143,C017,M010,26/02/2020,2,,€,150
P142,C017,M010,25/09/2021,2,,€,150
P141,C017,M010,29/08/2020,2,,€,150
P140,C017,M010,16/11/2021,2,,€,150
P139,C017,M010,11/06/2021,2,,€,150
P138,C017,M010,12/12/2021,2,,€,150
P137,C017,M010,14/01/2021,2,,€,150
P136,C017,M010,11/07/2020,2,,€,150
P135,C017,M010,25/12/2019,2,,€,150
P134,C017,M010,29/09/2020,2,,€,150
P133,C017,M010,25/02/2020,2,,€,150
P132,C017,M010,09/07/2019,2,,€,150
P131,C017,M010,26/12/2019,2,,€,150
P130,C017,M010,20/02/2021,2,,€,150
P129,C017,M010,28/04/2021,2,,€,100
P128,C017,M010,17/08/2020,2,,€,100
P127,C017,M010,07/03/2020,2,,€,100
P126,C017,M010,19/08/2021,2,,€,100
P125,C017,M010,18/04/2021,2,,€,100
P124,C017,M010,22/08/2020,2,,€,100
P123,C017,M010,05/02/2022,2,,€,100
P122,C017,M010,02/09/2019,2,,€,100
P121,C017,M010,12/05/2019,2,,€,100
P120,C017,M010,08/05/2020,2,,€,200
P119,C017,M010,02/06/2019,2,,€,200
P118,C017,M010,31/03/2021,2,,€,200
P117,C017,M010,01/06/2021,2,,€,200
P116,C017,M010,16/06/2021,2,,€,200
P115,C017,M010,19/09/2020,2,,€,200
P114,C017,M010,06/06/2020,2,,€,200
P113,C017,M010,25/05/2021,2,,€,200
P112,C017,M010,04/05/2020,2,,€,200
P111,C017,M010,17/10/2019,2,,€,200
P110,C017,M010,23/04/2021,2,,€,200
P109,C017,M010,02/06/2021,2,,€,200
P108,C017,M010,09/04/2020,2,,€,200
P107,C017,M010,05/04/2020,2,,€,200
P106,C017,M010,06/06/2020,2,,€,200
P105,C017,M010,22/05/2019,2,,€,200
P104,C017,M010,02/09/2021,2,,€,200
P103,C017,M010,17/06/2019,2,,€,200
P102,C017,M010,24/01/2020,2,,€,200
P101,C017,M010,28/03/2020,2,,€,200
P100,C017,M010,26/11/2019,2,,€,200
P099,C017,M010,28/06/2021,2,,€,200
P098,C017,M010,25/05/2021,2,,€,200
P097,C017,M010,02/05/2020,2,,€,200
P096,C017,M010,09/08/2020,2,,€,200
P095,C017,M010,29/04/2021,2,,€,200
P094,C017,M010,01/04/2022,2,,€,200
P093,C017,M010,14/07/2021,2,,€,200
P092,C017,M010,20/06/2020,2,,€,200
P091,C017,M010,13/06/2020,2,,€,200
P090,C017,M010,03/11/2021,2,,€,200
P089,C017,M010,08/06/2021,2,,€,200
P088,C017,M010,27/06/2019,2,,€,200
P087,C017,M010,04/10/2019,2,,€,200
P086,C017,M010,13/06/2020,2,,€,200
P085,C017,M010,01/06/2019,2,,€,200
P084,C017,M010,13/08/2019,2,,€,200
P083,C017,M010,16/12/2019,2,,€,200
P082,C017,M010,29/12/2020,2,,€,200
P081,C017,M010,27/03/2021,2,,€,200
P080,C017,M010,15/03/2020,2,,€,200
P079,C017,M010,17/07/2020,2,,€,200
P078,C017,M010,05/08/2019,2,,€,200
P077,C017,M010,01/12/2021,2,,€,200
P076,C017,M010,20/08/2021,2,,€,200
P075,C017,M010,22/10/2021,2,,€,200
P074,C017,M010,20/11/2019,2,,€,200
P073,C017,M010,19/10/2021,2,,€,200
P072,C017,M010,16/10/2021,2,,€,200
P071,C017,M010,10/12/2019,2,,€,200
P070,C017,M010,10/10/2021,2,,€,200
P069,C017,M010,11/02/2022,2,,€,200
P068,C017,M010,18/01/2022,2,,€,200
P067,C017,M010,07/10/2021,2,,€,200
P066,C017,M010,24/07/2019,2,,€,200
P065,C017,M010,09/10/2019,2,,€,200
P064,C017,M010,05/08/2021,2,,€,200
P063,C017,M010,09/06/2019,2,,€,200
P062,C017,M010,08/09/2021,2,,€,200
P061,C017,M010,16/02/2020,2,,€,200
P060,C017,M010,26/10/2020,2,,€,250
P059,C017,M010,31/05/2021,2,,€,250
P058,C017,M010,09/12/2021,2,,€,250
P057,C017,M010,30/10/2019,2,,€,250
P056,C017,M010,31/01/2021,2,,€,250
P055,C017,M010,26/09/2020,2,,€,250
P054,C017,M010,23/06/2021,2,,€,250
P053,C017,M010,13/03/2020,2,,€,250
P052,C017,M010,11/01/2020,2,,€,250
P051,C017,M010,11/01/2020,2,,€,250
P050,C017,M010,29/12/2020,2,,€,250
P049,C017,M010,25/07/2020,2,,€,250
P048,C017,M010,23/05/2021,2,,€,250
P047,C017,M010,12/09/2019,2,,€,250
P046,C017,M010,06/07/2019,2,,€,250
P045,C017,M010,11/03/2020,2,,€,250
P044,C017,M010,01/12/2019,2,,€,250
P043,C017,M010,26/10/2019,2,,€,250
P042,C017,M010,07/10/2021,2,,€,250
P041,C017,M010,29/08/2020,2,,€,250
P040,C017,M010,16/09/2021,2,,€,250
P039,C017,M010,01/02/2021,2,,€,250
P038,C017,M010,30/05/2021,2,,€,250
P037,C017,M010,04/02/2022,2,,€,250
P036,C017,M010,12/09/2021,2,,€,250
P035,C017,M010,07/07/2019,2,,€,250
P034,C017,M010,16/04/2020,2,,€,250
P033,C017,M010,07/03/2020,2,,€,250
P032,C017,M010,30/11/2019,2,,€,250
P031,C017,M010,12/05/2021,2,,€,250
P030,C017,M010,28/09/2019,2,,€,250
P029,C017,M010,29/08/2019,2,,€,250
P028,C017,M010,28/06/2020,2,,€,250
P027,C017,M010,26/03/2022,2,,€,250
P026,C017,M010,24/08/2020,2,,€,250
P025,C017,M010,17/02/2022,2,,€,250
P024,C017,M010,29/03/2022,2,,€,250
P023,C017,M010,23/05/2021,2,,€,250
P022,C017,M010,29/03/2021,2,,€,250
P021,C017,M010,25/04/2020,2,,€,250
P020,C017,M010,23/11/2021,2,,€,250
P019,C017,M010,26/03/2022,2,,€,250
P018,C017,M010,08/09/2019,2,,€,250
P017,C017,M010,11/07/2021,2,,€,250
P016,C017,M010,31/08/2021,2,,€,250
P015,C017,M010,12/07/2019,2,,€,250
P014,C017,M010,02/08/2019,2,,€,250
P013,C017,M010,11/10/2020,2,,€,250
P012,C017,M010,26/03/2021,2,,€,250
P011,C017,M010,22/06/2019,2,,€,250
P010,C017,M010,30/10/2019,2,,€,250
P009,C017,M010,20/01/2021,2,,€,250
P008,C017,M010,19/07/2020,2,,€,250
P007,C017,M010,13/06/2020,2,,€,250
P006,C017,M010,25/10/2019,2,,€,250
P005,C017,M010,05/02/2022,2,,€,250
P004,C017,M010,03/03/2022,2,,€,250
P003,C017,M010,06/09/2019,2,,€,250
P002,C017,M010,30/06/2021,2,,€,250
P001,C017,M010,27/01/2021,2,,€,250
